old-resource,status,resource
3b694528538878d378fd6892a649fa634f0013ef299331e6c12b078cfe85d3b2,410,
93264a2648d3dbbf4a154681831e006fb7ee7bbec0a46a4970285f4a847950e0,410,
27710b83c46fb36c73ae7eb3d9011e7cd2488c535e04c7bd0beb2587364d464b,410,
ad2030e211cbb0f3b7b72d1739b25798620f8913d5615859116de41f21a4ff8a,410,
317e0b502e4795ce0b03d1d0e787f8dbb7968d5755d88480437144d1243d4cc6,410,
2a88a5bb2cd54c35b964ca37ea4d21578d8ac8fa2c4b8cd08099b73eb413ed95,410,
3c12903110d1db128728a1dbd69069b6345b6db2a15afdb0ae6fc066eecfbcf5,410,
fd6bd8585351afdb377ae0cbb5a84458ae5c95e8bed63d2f77fbfe29553a2e8c,410,
9b8b98269d0c64d67fdc61648eb93b8c107e8140d6d34b3b77129530b3be6512,410,
68a69753b93b4d9e3a20e0a444ed570fb6c7d1dacf0a3670b5f159dbb78c0bef,410,
1bfd789e5ef626be41c4f8c9159d91842fbc42280dc03425c21907888e127983,410,
12e709c847614f924fc6bd9dcb9c162816e5962388776532fc311a9bb2d18c83,410,
9a4dbc5dfea6d37441ff4c088bbcd83950753fbf8c44a509024c38795771bdea,410,
6e9339b9a6ebf724dc2851f4b45d4d46c3ffe8382d212106baddcc719ebae9d3,410,
35d99c0b2acc124187c52a88ab20574f6725891f638ee55691d6faa7cfc57879,410,
b55c622baca2ad486800f103892c7396e4a380b4903e1cce8f544897858c1668,410,
b027b32a064e63f0c7ef12f14cb9a27421c85f997f5370396c4da9c7c7b29cdc,410,
5a95408cd01f259c40f497a1d3b3f98a05aa045cf489f7693f4d0f04340b2371,410,
a23f2de23de444a9a71de1471aa2aed3ec7a8aa61c389c19218d2340b5870877,410,
8c0b91e9329ef621e3d3a859cbab0e549b197f20edaad3810c5e430b53cdf910,410,
163a15518ad8e5437a2471adf78aabf61a16c49b79a0c9f7c425730829b95349,410,
6cd0ed46a9a905307ff30d8b99fc5ca8b6e1dceb4f3b4f3c30a2b2949d9ddbc3,410,
705ceb15dcf386c1df3b529f229bea20a994c75e1b8ddc1a76c171a15520586b,410,
e73efe7308c78be23577d3a9697556bfb08dd5f05e36950775f9f303152282b7,410,
0abd8a357da3b458504a8e16969a1c7ede85e8b7ef2bdef274d382f1db4108fc,410,
ac04d0c690309080abc9f00184bc5d5fcfd1012e94190f0377f198eb10d3bb9a,410,
2725bc174ee313bef19501e6e41ab9d00acafc03e54b7138111df1f0ee88a996,410,
77b8f55fe03bd46c4910095a04f34c8dd5beb2fb34ec85cd3674a3a2126e6975,410,
964617aa91b0152ff3e8a90e896df6b4ebc95c4add8a5f7bbcccc4151109d360,410,
3a654fc09c0a9079e1e4e97fee7b4a8ac9ee56674d93fb2ada7290513c4e518f,410,
4c524bd78ea05989aaaabdcad0cae87d48f4ad9eaf18a4e4979d4f0f78465c55,410,
cd0c958ec2843364957c2fd9757151fdfb6659bb8e0d51e2bd98eaa7847df147,410,
749ea8acd0bf85b9610e9ede074eb8475eed2b1eb4f2404f8353f1ffc9a99c96,410,
e5626b915aa301b0d044cfb3844fb41a70ecb1b9a4606fc0b44efa8954a0d800,410,
e5626b915aa301b0d044cfb3844fb41a70ecb1b9a4606fc0b44efa8954a0d800,410,
1916bf47abdb6993ec78965cd87d4dc6cdd223fe60d093cb6da9c4426d8edc3f,410,
43fb670951b91b2f2a0d7ca84023116e8a20f4726de77ec119256f87a91cd470,410,
57d187fb0565b0c776f0436fbd774acc92bca85c17dc6169a3164bc498221b52,410,
850e4aa49507b8efa53b6926d7a788721cdd20c5e1a4633541c366c63c7522c7,410,
850e4aa49507b8efa53b6926d7a788721cdd20c5e1a4633541c366c63c7522c7,410,
a384111bf3a98555ff38db0ad37fe7296a362587c5fedae09f0e28de990dc373,410,
1a349651d94dfdbdc44773a256313c391c7418f0bcad53f0697c97905e5df993,410,
c94e35967405344dd2fd4116f2705be22d222407eb82d5ef0b04b7aafa835f63,410,
f41d0d2a21b84ba59e143ce2e5639185bc7f2b7ecc4e9fb1f1224d31e15fd01b,410,
cddbcf3150b135074e4e91b7179c08d788daef8c7913da076de67365081b2c95,410,
b6ed0267c9db2903f719643ff3e153fbdf65894e33706a8a52280ce453e53ec3,410,
243dc9cd8161e864e6945a5b41949aeee0d4a484f5ded4ca6a9c5999cf24f96a,410,
cc2605c9316104004db1ff77dcd3b9f4442ca3aa06a3203613bfc5768d1341de,410,
7e47edd7c0f31c2a1c6b164b638058bc95ce053743da6faecf840fe5c70f15c8,410,
7e47edd7c0f31c2a1c6b164b638058bc95ce053743da6faecf840fe5c70f15c8,410,
7bbf483dd896de667a8476ab102c8aa657f01c9cb8dea5c9ed186d05d941de2b,410,
e919e918e557d3ddcb1a4a843a902218b2b8ad76c429814650dea00d4b6efda5,410,
9933fb8af06079613a66d7f88426cc1f2ae344ee5154f739a12cc5111c676fb4,410,
9933fb8af06079613a66d7f88426cc1f2ae344ee5154f739a12cc5111c676fb4,410,
76b5d6f58c019347ef23ddae1e190f368c1976adc72bb10ee4dd6504c4fc1563,410,
e091db1ff7881f03430ff41d27ebb5603bd085be858e8d55f8b396fd7ab0ecea,410,
6a52d733bd8627ce811f74ec9c0b3ef593209a3472452a1e7bbe535bd13080a9,410,
8afca3f4ae34571ef8d863e117980d9b3c6d034f125d0b13c32b24fff8c98f9f,410,
67e6dd6b56e650f3a3d3dcf36fe15a179fedc2f9a587afadd4bfbc4b3d0a92ad,410,
d50998f36aa1f6ff842d5ec015bd80d2f7ef5751a9688dcabe5d36520b98bf9e,410,
d50998f36aa1f6ff842d5ec015bd80d2f7ef5751a9688dcabe5d36520b98bf9e,410,
1301090c4db4417ac4414621d000fc5def0d8aa7e85a4f58154812353566987c,410,
7264e210881b33151f28f63a68819536e6ab405a2400c4fc909a83f54edac351,410,
c30380bab6d801a817bc21d3942cc14d90a1e60ba0da79464b4d6bd875529351,410,
23d86ce74c62312d043cbb4c9a7054f8a5250d610e8755ac10a7efbc1acceebb,410,
7592a555d0d50bf7844d07f0f1c346b6062819cb47863c2f3af9c46c6fe3968b,410,
7592a555d0d50bf7844d07f0f1c346b6062819cb47863c2f3af9c46c6fe3968b,410,
7dd47652f03a5d7a2df7a2fd239730707208c1f838b33dd3ed52522e2907de49,410,
8eab343a5835b21daa422a75854b00362529e26559453979a807285a40e18e56,410,
3a639f02254a8ae8fb54dca24fbbf5912ed7a1d1ae04bfe66712cd4c73ea99cb,410,
d044b96116cc9d06732a919af514c5523aee0a02f6996d82348f235239654fde,410,
d044b96116cc9d06732a919af514c5523aee0a02f6996d82348f235239654fde,410,
95cc961f89e833cadf8b883eeca8bf361fb9bbae7481d1e3dfc6199a8893df30,410,
9933fb8af06079613a66d7f88426cc1f2ae344ee5154f739a12cc5111c676fb4,410,
bba5d3b6e77a76e8e4114d53784424f6d99a0a24db2cc6a9b28d93a6d63cf6e6,410,
55130191687252f7de5afb6a2634da530f0f273bf863b0f4b70a2dd6d192f670,410,
7414c00a2966fea867d2709704dae5787d9c8e7690663623ed19c62cf5b02a7a,410,
43f6e6ef6bf2388f14b48e733911dfb69c7993678689847411c2a780b9e3d751,410,
7d2ac229b56b53ca0ab8961816fea553457bc4feebdd81efc8e2335396352ee2,410,
9f19704ae1cded4c413dd836183eef54a4cc124a4a13fe167132f956ddd6ab3f,410,
a4a67c0666dfca856013c465b4be6974ff7228a32088c7fdb3cd608de93c1ccb,410,
d24bfaec4f7775077bd74b7ce7e4c4ef606b28095e991d628a0ac900d62620fa,410,
7fc43a5ccb6d7adde6a0ebbcffe93cf2b27beb1a287b18692d9e00b6d78bd8c6,410,
7fc43a5ccb6d7adde6a0ebbcffe93cf2b27beb1a287b18692d9e00b6d78bd8c6,410,
33255f528f7167a9a712c948c568adf67422709bdc513366c2aa604a9cc8ee2f,410,
c9cc404f1e6297a2bd8d93a22d2c01eff0881a23b508b7ece061acc321fc2fdb,410,
a80388011fb8b0aa02bf28128e765f3dcc71acab0798aa4570419e1e9f66d35b,410,
dbee648b159ea39946051a17deeeaf5a5edaec50618539b113c54d7c5d3071f5,410,
dbee648b159ea39946051a17deeeaf5a5edaec50618539b113c54d7c5d3071f5,410,
dbee648b159ea39946051a17deeeaf5a5edaec50618539b113c54d7c5d3071f5,410,
9dd31d8d0e6db8d5654c07fa5a660a16f88e1882641f9968d6367ebfe2eac598,410,
4ebbf80c15a14ea35ed19f9799ab3682d0bf4aa2e33d8590929342402486749f,410,
4ebbf80c15a14ea35ed19f9799ab3682d0bf4aa2e33d8590929342402486749f,410,
0973f09fd6d71ba7d56f9f1c235dc7f05f9d252debaa16fb1734d817a91a8390,410,
faf39c9af876daf8600c29d875acce3f8f8bc2abac75afa3bcab779b82b92526,410,
c1ebdcb39b566219b421acca3e85d9575caac9ddc909c5702c7243887c5bfedc,410,
cb0af9b4b276cdc6c150ce187006009e235e057d83ad3f553d3f4c8bdc078509,410,
89732ebd34c83b45da34ab219524890ca6e156d6b41af40693c0c38735dfb7d1,410,
03bebd75a639c57ad0917f35e617aefa36919656a6b5412db73b0cbc3e383d55,410,
80e44d03848f0991442d36871b9db578d8a82244c18bd4e43ac5afd1752e4640,410,
51a4645f1ec17bc96ce5977764db8ba4f8080e5d79f11a39394286a8380a67f8,410,
51a4645f1ec17bc96ce5977764db8ba4f8080e5d79f11a39394286a8380a67f8,410,
e72da34990e03084c230ada05f4b0711da80da1330ca6b0a913c726ebb2c6693,410,
3c5c9ae14196edda0251438ef70cca1537e82ae2193f2931f2822a0b7942f339,410,
51e85e1d0ceadbe79fb82ad9b494fc56053662a444a8a29f1c773f2288d958f2,410,
9a482681cd5cceb96153db3dde34c251ca999eb4870c73d84f8c197a968f3489,410,
bdb8761a3efe999199cf6be196ea1d85a36c7d58987e2f208107e8086d36d9f6,410,
5c6f6b7edce1592cda94845130f30623c155fdcea9c676add368916eaf4108fe,410,
5c6f6b7edce1592cda94845130f30623c155fdcea9c676add368916eaf4108fe,410,
cc84216fa3981dc8b3ae5a193e2a4db169922496ef969aba1d46f3870e3cc6e8,410,
0aa04f5b5c737b7d3acdcd30232ead73de7ea766c42af5886c9afa9d8323a5fe,410,
9933fb8af06079613a66d7f88426cc1f2ae344ee5154f739a12cc5111c676fb4,410,
9933fb8af06079613a66d7f88426cc1f2ae344ee5154f739a12cc5111c676fb4,410,
93f7961f5e90ed8e26b632353221a0cc955a70fdbe3b0130c3d70ef03c5bb356,410,
6b73c9ab2e918f7d85e947b3881e2f9ac01ba1f464ba09595475262e4ff73fc2,410,
880445bc3545e51d1c3c3d39ef6f4aed767ae945a4595523acc70c9956a7bec5,410,
a3efc12b4374fc4d186f7998987cd390c269ce1c99ff3e43995a864ffa0cd03e,410,
a3efc12b4374fc4d186f7998987cd390c269ce1c99ff3e43995a864ffa0cd03e,410,
1e676ab6544457f0c926c787f10159e952c78c3be221eb5cd94cc005791042c4,410,
e2c1332237a2337864b5b94616fd45217dccf26c640722129d7e3a2c6b7cc303,410,
e2c1332237a2337864b5b94616fd45217dccf26c640722129d7e3a2c6b7cc303,410,
40ba241c5f5da1de68d3c025e68210d8707413a4d7c50ce9396a006802556669,410,
40ba241c5f5da1de68d3c025e68210d8707413a4d7c50ce9396a006802556669,410,
3e0c517ce31e6237590e5db209636937c83952e8fbbb77e1f0a92e0d2aa93a3e,410,
395e15fa19cd0d0504ec4cc7bfd3a76a6470651473e6d11970d21d3740114443,410,
59b0eebeb6302c722851d7c764690cfd8764e64ade2aae9de7e125c34f5f8187,410,
49a918dc51d8d4063061e5b0d257943aa194370ae1f07a1c1fc746f7ed7dd3b3,410,
49a918dc51d8d4063061e5b0d257943aa194370ae1f07a1c1fc746f7ed7dd3b3,410,
b909e2e3e649c4ced7ce6a094ad0fbf070041816826999dd0aabf347b6e46b72,410,
937c9a1bdda7b0712aae5e088d8ff062a89fc2b9d70b8bcf06c0f4e03d50e6b9,410,
5653f68c1e353d88d42ce7156781aecf3bef6abd834ba6390f286d1768cea381,410,
56aabd5334c3113d320c5042626f792e67d82cf084d94298742960a2076856ec,410,
fb5bf9a888b6cdf788db00e91696a3c4be24d664ab1ff45bdbdb9a04ccc7892b,410,
cab8e3b767601dc0944e8f2b5232c270c72c368b84935816c27203cd0b0517e0,410,
232c6cab386276d5fbd262f6e0cd04571e1ba8f51d7faa9bd5baa75131ac04fb,410,
860b0f2226d5d98b8ab9821ff26c841d2d567ca89fc25f4c427a57d6f39c2904,410,
9933fb8af06079613a66d7f88426cc1f2ae344ee5154f739a12cc5111c676fb4,410,
9933fb8af06079613a66d7f88426cc1f2ae344ee5154f739a12cc5111c676fb4,410,
d69676bea0cb8e0285cbe175679219157615e5232dcd5a2bc37825c1564330a3,410,
0f2521abd23633c27eae03cc4e8ed3d8405e8ecd27e5c94beb9ed11fe9d288fa,410,
835c5663ec3d83a305271a5b4f30e43010a27d572f46a1268a206249187b7222,410,
0971665e09d354b2b04ea04611aab728191abfc2614e06f1c99918c38698a914,410,
e32a19da9919183c94609d6f01101c754e6c19b8572e3b48b757098982524d39,410,
e893092e2c3a997249b7065552d80d6a5fe3d38060cc2130564d1cef8f876bc9,410,
e893092e2c3a997249b7065552d80d6a5fe3d38060cc2130564d1cef8f876bc9,410,
e893092e2c3a997249b7065552d80d6a5fe3d38060cc2130564d1cef8f876bc9,410,
e893092e2c3a997249b7065552d80d6a5fe3d38060cc2130564d1cef8f876bc9,410,
689e4793be3bf04c55a8b5c7d9028351e5d101b1526d621a7a4d15d4b9216133,410,
689e4793be3bf04c55a8b5c7d9028351e5d101b1526d621a7a4d15d4b9216133,410,
959f26a44a613417def5d0b5762cd030ee3cfe91850e8b2920a62aa66bcd940b,410,
959f26a44a613417def5d0b5762cd030ee3cfe91850e8b2920a62aa66bcd940b,410,
37805390036c847e22eb0615a60403ba241c6dc4bfeae6b7b53b5e3dfcfb28cb,410,
37805390036c847e22eb0615a60403ba241c6dc4bfeae6b7b53b5e3dfcfb28cb,410,
2b9acc994f06b513dda160186c98affbdd785a8b21fc0734e0c6696cc293c1fe,410,
4f794c5d606db33149727e8f40d1fc2376d5dc5acd21d2d3c2debfaae9a89db7,410,
99c287b6e9f0b59b835722a9119ad12a1d9f50b9d169665f9c3d9f860dfb08df,410,
257eb89c9afe716ee9ba32cdbd95e01cdf11fc6d679d677eff2ef3ef04ca47f4,410,
debc0d5bf94db70a816f0eaea1001e8bdc462db5ded561606e0ad606857e9a60,410,
8b7de81eef4d65a2129fc0e549b2f7987a16c9604192cafb92294ee26dcd75b2,410,
fbff7466f7a8eca7db31963f552750bf7500a8c5d520989539a18feb8ea208af,410,
fd17b124866f1510cb7b55e2a01b5e59262781aab565a26242fc0f6e755e38e1,410,
370dae5fa1397606d1adab337a12a76e64b4d729ba713ea75a09f94a6f8653df,410,
370dae5fa1397606d1adab337a12a76e64b4d729ba713ea75a09f94a6f8653df,410,
5bb7e25b160e47e5c2ec0c4afa58029a3a71dc799041a2ab61ba9f47aa9abc4a,410,
e151de92bb42a72ed4620b55ede559687f34c98752bd9446ad2390bddcd82834,410,
e151de92bb42a72ed4620b55ede559687f34c98752bd9446ad2390bddcd82834,410,
6a2e1ecbcab89bd103d2ecb32fe6390304b7a2dc419b941c10b2dcfc7f2fb4ba,410,
e8b57b1de8fc3109043583a555b364018211ac6e26d2ed0092f6038a120cf0ff,410,
d18a5d7db65828f8a84cc7b61f7ddc427e44944cb1ee9e258f80f1f961faebe9,410,
d18a5d7db65828f8a84cc7b61f7ddc427e44944cb1ee9e258f80f1f961faebe9,410,
912723fdf21ea7d4ab13c1c722f28237298d3c4cdbc8d7228c190c0f32a5cfe5,410,
912723fdf21ea7d4ab13c1c722f28237298d3c4cdbc8d7228c190c0f32a5cfe5,410,
f4e08e76e26adcecdee8cc8debb5201121edda6516471a8fa6cdb31ca00ac742,410,
8e9c98145633862111202d09f1e3d24370cf8e4f2a154cf37259dc6e2fa53cc7,410,
90ca72e26b673e721c3ff606518a6ed68c3bae03d601ec8eb74d0e4a9b5235c5,410,
d07e2c1bc437439fb00ca65b10544793b42cebc346d57373964fd91a631fafe9,410,
d07e2c1bc437439fb00ca65b10544793b42cebc346d57373964fd91a631fafe9,410,
447b5bde61e45607272c92a29d3b033d282a8c5bc778e2c87153baacefb125f1,410,
8a5308d4b8e5c240e9120685c52b3b94e44e0c87dbf582eb09f6dfe928bb9d2a,410,
68b621b9e2e78cf86874fa8016fb3fe6e7f2d85eaaa18e8cc8ca4199203f4f38,410,
b3b9510516fceda5b468c63cf2e54371c051f2ad34d9a1e45b820294ef5e70fc,410,
1e5e9aac8e2eca160ed2511397c1ab2a59eee8c764e1bef9b10ee9d64de9ac22,410,
37c12dfb931e781d57d4fcd5bff61adf0a61fc093e03e3530a4ffc1b9af874de,410,
2626c62a6065e507ec3f93f60f4b138579f7b795b914c01deaef7f3f79a49bc7,410,
7053c6409165ed54b42b85e85c01d72fb8641ace724b0c697d7762ff6f83b039,410,
7053c6409165ed54b42b85e85c01d72fb8641ace724b0c697d7762ff6f83b039,410,
bee17947cd13d5206734ea43c83f026b766716add77109d7ddf01b936a74d8a3,410,
25118dbeb2d2d440db699ce09563324b032645028eaa3aea425bc0808c38112f,410,
ce5c85d88d2f0e0a82f4bb5dd0b9913b72d020d80db01f32328045ee3da163fa,410,
ce5c85d88d2f0e0a82f4bb5dd0b9913b72d020d80db01f32328045ee3da163fa,410,
f44ea24c62d1ebbe100ba73a24b22fa27da645d1c86f24cb2eadbba1794879d5,410,
9d0b2a97d543bc415e79c2b01029253764c04249c56b2147c2c64ac89f3b7adb,410,
7384d83065376a4fcccb0b25c840704e1012b3467420e0a609816540bda3ad17,410,
4a10af24fbc0983c63537d0875f5666f9d6f4cb7c41570745354abc974faca53,410,
8998ebb6e814bf100e0e1607b4fd9a70e2597b19b704fa346191fa548b5a36ad,410,
01c922a3f33dda8ce6b5ab57a5522319157911a039a6441699ed40984555e094,410,
773b254a277d51a73d83ecd753e5c34ee2ae5b72b5ccfdf61c4cc7bd3e759e40,410,
cbcbbf652fbbca0bfd4c30217988ac35528da82e353ae46855e8218120dde248,410,
dfa9be5a08fb6f8b3eb272ec4744d69740aaf51ab796c1ab0de67c6be1aa1dbc,410,
68badca0e891be42cf6759262c8cf4ae3792dd4563e067fb066c0ba4dd49c08d,410,
78ed5fbfa690db98ab8cf1ee50a20e13a6e7cf4e7c8d682a25e0b46e09376524,410,
ac105c4513685cb1901d287cc54fda80a42c8ef4d5d80efe50322cc1a6717b2d,410,
9933fb8af06079613a66d7f88426cc1f2ae344ee5154f739a12cc5111c676fb4,410,
9933fb8af06079613a66d7f88426cc1f2ae344ee5154f739a12cc5111c676fb4,410,
b8b3ddd50ffcdf945d8ebff7400d467ecc5dbf505c8ded1c08c55aa411b892f0,410,
fc71af874659648f478255d52c2649878862c7557dd47d9a5a0697875082f9f5,410,
c9bfc4133f0e2192bc4b92f2717b6c04544d111bedb9e307985eac35426999e6,410,
bef352a1313a8f4cdabf08b3cd550a9967a723e061534485798cf6c4b200e2bf,410,
0e998c88ba58035c5a638240ecaec77aa5498b4a177cb40f79d5dc84ef85f612,410,
0e998c88ba58035c5a638240ecaec77aa5498b4a177cb40f79d5dc84ef85f612,410,
0e998c88ba58035c5a638240ecaec77aa5498b4a177cb40f79d5dc84ef85f612,410,
2eb8c443dbf7cd505c72aeede0cb051329326e89ea93698c26cb8b3f1c615f53,410,
2eb8c443dbf7cd505c72aeede0cb051329326e89ea93698c26cb8b3f1c615f53,410,
d97433dedf916a7fcb41202c7c687c63c77a03e9601b242b20d6d0f9030a1de3,410,
d97433dedf916a7fcb41202c7c687c63c77a03e9601b242b20d6d0f9030a1de3,410,
debd3200e23535ab7ddc8d665e0cec7899a141540357b2bcc49e905a1f2b6d9a,410,
22da6ec5b4606f5e6ecb3870a934b09f3b84a98b24a6c9c163b6e0f7b2dcf788,410,
a11c34820ff047d46acc20692d22a01bbaa4a7603831251989742a1fb277ebeb,410,
3b694528538878d378fd6892a649fa634f0013ef299331e6c12b078cfe85d3b2,410,
93264a2648d3dbbf4a154681831e006fb7ee7bbec0a46a4970285f4a847950e0,410,
27710b83c46fb36c73ae7eb3d9011e7cd2488c535e04c7bd0beb2587364d464b,410,
ad2030e211cbb0f3b7b72d1739b25798620f8913d5615859116de41f21a4ff8a,410,
317e0b502e4795ce0b03d1d0e787f8dbb7968d5755d88480437144d1243d4cc6,410,
2a88a5bb2cd54c35b964ca37ea4d21578d8ac8fa2c4b8cd08099b73eb413ed95,410,
3c12903110d1db128728a1dbd69069b6345b6db2a15afdb0ae6fc066eecfbcf5,410,
fd6bd8585351afdb377ae0cbb5a84458ae5c95e8bed63d2f77fbfe29553a2e8c,410,
9b8b98269d0c64d67fdc61648eb93b8c107e8140d6d34b3b77129530b3be6512,410,
68a69753b93b4d9e3a20e0a444ed570fb6c7d1dacf0a3670b5f159dbb78c0bef,410,
1bfd789e5ef626be41c4f8c9159d91842fbc42280dc03425c21907888e127983,410,
12e709c847614f924fc6bd9dcb9c162816e5962388776532fc311a9bb2d18c83,410,
9a4dbc5dfea6d37441ff4c088bbcd83950753fbf8c44a509024c38795771bdea,410,
6e9339b9a6ebf724dc2851f4b45d4d46c3ffe8382d212106baddcc719ebae9d3,410,
35d99c0b2acc124187c52a88ab20574f6725891f638ee55691d6faa7cfc57879,410,
b55c622baca2ad486800f103892c7396e4a380b4903e1cce8f544897858c1668,410,
b027b32a064e63f0c7ef12f14cb9a27421c85f997f5370396c4da9c7c7b29cdc,410,
5a95408cd01f259c40f497a1d3b3f98a05aa045cf489f7693f4d0f04340b2371,410,
a23f2de23de444a9a71de1471aa2aed3ec7a8aa61c389c19218d2340b5870877,410,
8c0b91e9329ef621e3d3a859cbab0e549b197f20edaad3810c5e430b53cdf910,410,
163a15518ad8e5437a2471adf78aabf61a16c49b79a0c9f7c425730829b95349,410,
6cd0ed46a9a905307ff30d8b99fc5ca8b6e1dceb4f3b4f3c30a2b2949d9ddbc3,410,
705ceb15dcf386c1df3b529f229bea20a994c75e1b8ddc1a76c171a15520586b,410,
e73efe7308c78be23577d3a9697556bfb08dd5f05e36950775f9f303152282b7,410,
0abd8a357da3b458504a8e16969a1c7ede85e8b7ef2bdef274d382f1db4108fc,410,
ac04d0c690309080abc9f00184bc5d5fcfd1012e94190f0377f198eb10d3bb9a,410,
2725bc174ee313bef19501e6e41ab9d00acafc03e54b7138111df1f0ee88a996,410,
77b8f55fe03bd46c4910095a04f34c8dd5beb2fb34ec85cd3674a3a2126e6975,410,
964617aa91b0152ff3e8a90e896df6b4ebc95c4add8a5f7bbcccc4151109d360,410,
3a654fc09c0a9079e1e4e97fee7b4a8ac9ee56674d93fb2ada7290513c4e518f,410,
4c524bd78ea05989aaaabdcad0cae87d48f4ad9eaf18a4e4979d4f0f78465c55,410,
cd0c958ec2843364957c2fd9757151fdfb6659bb8e0d51e2bd98eaa7847df147,410,
749ea8acd0bf85b9610e9ede074eb8475eed2b1eb4f2404f8353f1ffc9a99c96,410,
e5626b915aa301b0d044cfb3844fb41a70ecb1b9a4606fc0b44efa8954a0d800,410,
e5626b915aa301b0d044cfb3844fb41a70ecb1b9a4606fc0b44efa8954a0d800,410,
1916bf47abdb6993ec78965cd87d4dc6cdd223fe60d093cb6da9c4426d8edc3f,410,
43fb670951b91b2f2a0d7ca84023116e8a20f4726de77ec119256f87a91cd470,410,
57d187fb0565b0c776f0436fbd774acc92bca85c17dc6169a3164bc498221b52,410,
850e4aa49507b8efa53b6926d7a788721cdd20c5e1a4633541c366c63c7522c7,410,
850e4aa49507b8efa53b6926d7a788721cdd20c5e1a4633541c366c63c7522c7,410,
a384111bf3a98555ff38db0ad37fe7296a362587c5fedae09f0e28de990dc373,410,
1a349651d94dfdbdc44773a256313c391c7418f0bcad53f0697c97905e5df993,410,
c94e35967405344dd2fd4116f2705be22d222407eb82d5ef0b04b7aafa835f63,410,
f41d0d2a21b84ba59e143ce2e5639185bc7f2b7ecc4e9fb1f1224d31e15fd01b,410,
cddbcf3150b135074e4e91b7179c08d788daef8c7913da076de67365081b2c95,410,
b6ed0267c9db2903f719643ff3e153fbdf65894e33706a8a52280ce453e53ec3,410,
243dc9cd8161e864e6945a5b41949aeee0d4a484f5ded4ca6a9c5999cf24f96a,410,
cc2605c9316104004db1ff77dcd3b9f4442ca3aa06a3203613bfc5768d1341de,410,
7e47edd7c0f31c2a1c6b164b638058bc95ce053743da6faecf840fe5c70f15c8,410,
7e47edd7c0f31c2a1c6b164b638058bc95ce053743da6faecf840fe5c70f15c8,410,
7bbf483dd896de667a8476ab102c8aa657f01c9cb8dea5c9ed186d05d941de2b,410,
e919e918e557d3ddcb1a4a843a902218b2b8ad76c429814650dea00d4b6efda5,410,
9933fb8af06079613a66d7f88426cc1f2ae344ee5154f739a12cc5111c676fb4,410,
9933fb8af06079613a66d7f88426cc1f2ae344ee5154f739a12cc5111c676fb4,410,
76b5d6f58c019347ef23ddae1e190f368c1976adc72bb10ee4dd6504c4fc1563,410,
e091db1ff7881f03430ff41d27ebb5603bd085be858e8d55f8b396fd7ab0ecea,410,
6a52d733bd8627ce811f74ec9c0b3ef593209a3472452a1e7bbe535bd13080a9,410,
8afca3f4ae34571ef8d863e117980d9b3c6d034f125d0b13c32b24fff8c98f9f,410,
67e6dd6b56e650f3a3d3dcf36fe15a179fedc2f9a587afadd4bfbc4b3d0a92ad,410,
d50998f36aa1f6ff842d5ec015bd80d2f7ef5751a9688dcabe5d36520b98bf9e,410,
d50998f36aa1f6ff842d5ec015bd80d2f7ef5751a9688dcabe5d36520b98bf9e,410,
1301090c4db4417ac4414621d000fc5def0d8aa7e85a4f58154812353566987c,410,
7264e210881b33151f28f63a68819536e6ab405a2400c4fc909a83f54edac351,410,
c30380bab6d801a817bc21d3942cc14d90a1e60ba0da79464b4d6bd875529351,410,
23d86ce74c62312d043cbb4c9a7054f8a5250d610e8755ac10a7efbc1acceebb,410,
7592a555d0d50bf7844d07f0f1c346b6062819cb47863c2f3af9c46c6fe3968b,410,
7592a555d0d50bf7844d07f0f1c346b6062819cb47863c2f3af9c46c6fe3968b,410,
7dd47652f03a5d7a2df7a2fd239730707208c1f838b33dd3ed52522e2907de49,410,
8eab343a5835b21daa422a75854b00362529e26559453979a807285a40e18e56,410,
3a639f02254a8ae8fb54dca24fbbf5912ed7a1d1ae04bfe66712cd4c73ea99cb,410,
d044b96116cc9d06732a919af514c5523aee0a02f6996d82348f235239654fde,410,
d044b96116cc9d06732a919af514c5523aee0a02f6996d82348f235239654fde,410,
95cc961f89e833cadf8b883eeca8bf361fb9bbae7481d1e3dfc6199a8893df30,410,
9933fb8af06079613a66d7f88426cc1f2ae344ee5154f739a12cc5111c676fb4,410,
bba5d3b6e77a76e8e4114d53784424f6d99a0a24db2cc6a9b28d93a6d63cf6e6,410,
55130191687252f7de5afb6a2634da530f0f273bf863b0f4b70a2dd6d192f670,410,
7414c00a2966fea867d2709704dae5787d9c8e7690663623ed19c62cf5b02a7a,410,
43f6e6ef6bf2388f14b48e733911dfb69c7993678689847411c2a780b9e3d751,410,
7d2ac229b56b53ca0ab8961816fea553457bc4feebdd81efc8e2335396352ee2,410,
9f19704ae1cded4c413dd836183eef54a4cc124a4a13fe167132f956ddd6ab3f,410,
a4a67c0666dfca856013c465b4be6974ff7228a32088c7fdb3cd608de93c1ccb,410,
d24bfaec4f7775077bd74b7ce7e4c4ef606b28095e991d628a0ac900d62620fa,410,
7fc43a5ccb6d7adde6a0ebbcffe93cf2b27beb1a287b18692d9e00b6d78bd8c6,410,
7fc43a5ccb6d7adde6a0ebbcffe93cf2b27beb1a287b18692d9e00b6d78bd8c6,410,
33255f528f7167a9a712c948c568adf67422709bdc513366c2aa604a9cc8ee2f,410,
c9cc404f1e6297a2bd8d93a22d2c01eff0881a23b508b7ece061acc321fc2fdb,410,
a80388011fb8b0aa02bf28128e765f3dcc71acab0798aa4570419e1e9f66d35b,410,
dbee648b159ea39946051a17deeeaf5a5edaec50618539b113c54d7c5d3071f5,410,
dbee648b159ea39946051a17deeeaf5a5edaec50618539b113c54d7c5d3071f5,410,
dbee648b159ea39946051a17deeeaf5a5edaec50618539b113c54d7c5d3071f5,410,
9dd31d8d0e6db8d5654c07fa5a660a16f88e1882641f9968d6367ebfe2eac598,410,
4ebbf80c15a14ea35ed19f9799ab3682d0bf4aa2e33d8590929342402486749f,410,
4ebbf80c15a14ea35ed19f9799ab3682d0bf4aa2e33d8590929342402486749f,410,
0973f09fd6d71ba7d56f9f1c235dc7f05f9d252debaa16fb1734d817a91a8390,410,
faf39c9af876daf8600c29d875acce3f8f8bc2abac75afa3bcab779b82b92526,410,
c1ebdcb39b566219b421acca3e85d9575caac9ddc909c5702c7243887c5bfedc,410,
cb0af9b4b276cdc6c150ce187006009e235e057d83ad3f553d3f4c8bdc078509,410,
89732ebd34c83b45da34ab219524890ca6e156d6b41af40693c0c38735dfb7d1,410,
03bebd75a639c57ad0917f35e617aefa36919656a6b5412db73b0cbc3e383d55,410,
80e44d03848f0991442d36871b9db578d8a82244c18bd4e43ac5afd1752e4640,410,
51a4645f1ec17bc96ce5977764db8ba4f8080e5d79f11a39394286a8380a67f8,410,
51a4645f1ec17bc96ce5977764db8ba4f8080e5d79f11a39394286a8380a67f8,410,
e72da34990e03084c230ada05f4b0711da80da1330ca6b0a913c726ebb2c6693,410,
3c5c9ae14196edda0251438ef70cca1537e82ae2193f2931f2822a0b7942f339,410,
51e85e1d0ceadbe79fb82ad9b494fc56053662a444a8a29f1c773f2288d958f2,410,
9a482681cd5cceb96153db3dde34c251ca999eb4870c73d84f8c197a968f3489,410,
bdb8761a3efe999199cf6be196ea1d85a36c7d58987e2f208107e8086d36d9f6,410,
5c6f6b7edce1592cda94845130f30623c155fdcea9c676add368916eaf4108fe,410,
5c6f6b7edce1592cda94845130f30623c155fdcea9c676add368916eaf4108fe,410,
cc84216fa3981dc8b3ae5a193e2a4db169922496ef969aba1d46f3870e3cc6e8,410,
0aa04f5b5c737b7d3acdcd30232ead73de7ea766c42af5886c9afa9d8323a5fe,410,
9933fb8af06079613a66d7f88426cc1f2ae344ee5154f739a12cc5111c676fb4,410,
9933fb8af06079613a66d7f88426cc1f2ae344ee5154f739a12cc5111c676fb4,410,
93f7961f5e90ed8e26b632353221a0cc955a70fdbe3b0130c3d70ef03c5bb356,410,
6b73c9ab2e918f7d85e947b3881e2f9ac01ba1f464ba09595475262e4ff73fc2,410,
880445bc3545e51d1c3c3d39ef6f4aed767ae945a4595523acc70c9956a7bec5,410,
a3efc12b4374fc4d186f7998987cd390c269ce1c99ff3e43995a864ffa0cd03e,410,
a3efc12b4374fc4d186f7998987cd390c269ce1c99ff3e43995a864ffa0cd03e,410,
1e676ab6544457f0c926c787f10159e952c78c3be221eb5cd94cc005791042c4,410,
e2c1332237a2337864b5b94616fd45217dccf26c640722129d7e3a2c6b7cc303,410,
e2c1332237a2337864b5b94616fd45217dccf26c640722129d7e3a2c6b7cc303,410,
40ba241c5f5da1de68d3c025e68210d8707413a4d7c50ce9396a006802556669,410,
40ba241c5f5da1de68d3c025e68210d8707413a4d7c50ce9396a006802556669,410,
3e0c517ce31e6237590e5db209636937c83952e8fbbb77e1f0a92e0d2aa93a3e,410,
395e15fa19cd0d0504ec4cc7bfd3a76a6470651473e6d11970d21d3740114443,410,
59b0eebeb6302c722851d7c764690cfd8764e64ade2aae9de7e125c34f5f8187,410,
49a918dc51d8d4063061e5b0d257943aa194370ae1f07a1c1fc746f7ed7dd3b3,410,
49a918dc51d8d4063061e5b0d257943aa194370ae1f07a1c1fc746f7ed7dd3b3,410,
b909e2e3e649c4ced7ce6a094ad0fbf070041816826999dd0aabf347b6e46b72,410,
937c9a1bdda7b0712aae5e088d8ff062a89fc2b9d70b8bcf06c0f4e03d50e6b9,410,
5653f68c1e353d88d42ce7156781aecf3bef6abd834ba6390f286d1768cea381,410,
56aabd5334c3113d320c5042626f792e67d82cf084d94298742960a2076856ec,410,
fb5bf9a888b6cdf788db00e91696a3c4be24d664ab1ff45bdbdb9a04ccc7892b,410,
cab8e3b767601dc0944e8f2b5232c270c72c368b84935816c27203cd0b0517e0,410,
232c6cab386276d5fbd262f6e0cd04571e1ba8f51d7faa9bd5baa75131ac04fb,410,
860b0f2226d5d98b8ab9821ff26c841d2d567ca89fc25f4c427a57d6f39c2904,410,
9933fb8af06079613a66d7f88426cc1f2ae344ee5154f739a12cc5111c676fb4,410,
9933fb8af06079613a66d7f88426cc1f2ae344ee5154f739a12cc5111c676fb4,410,
d69676bea0cb8e0285cbe175679219157615e5232dcd5a2bc37825c1564330a3,410,
0f2521abd23633c27eae03cc4e8ed3d8405e8ecd27e5c94beb9ed11fe9d288fa,410,
835c5663ec3d83a305271a5b4f30e43010a27d572f46a1268a206249187b7222,410,
0971665e09d354b2b04ea04611aab728191abfc2614e06f1c99918c38698a914,410,
e32a19da9919183c94609d6f01101c754e6c19b8572e3b48b757098982524d39,410,
e893092e2c3a997249b7065552d80d6a5fe3d38060cc2130564d1cef8f876bc9,410,
e893092e2c3a997249b7065552d80d6a5fe3d38060cc2130564d1cef8f876bc9,410,
e893092e2c3a997249b7065552d80d6a5fe3d38060cc2130564d1cef8f876bc9,410,
e893092e2c3a997249b7065552d80d6a5fe3d38060cc2130564d1cef8f876bc9,410,
689e4793be3bf04c55a8b5c7d9028351e5d101b1526d621a7a4d15d4b9216133,410,
689e4793be3bf04c55a8b5c7d9028351e5d101b1526d621a7a4d15d4b9216133,410,
959f26a44a613417def5d0b5762cd030ee3cfe91850e8b2920a62aa66bcd940b,410,
959f26a44a613417def5d0b5762cd030ee3cfe91850e8b2920a62aa66bcd940b,410,
37805390036c847e22eb0615a60403ba241c6dc4bfeae6b7b53b5e3dfcfb28cb,410,
37805390036c847e22eb0615a60403ba241c6dc4bfeae6b7b53b5e3dfcfb28cb,410,
2b9acc994f06b513dda160186c98affbdd785a8b21fc0734e0c6696cc293c1fe,410,
4f794c5d606db33149727e8f40d1fc2376d5dc5acd21d2d3c2debfaae9a89db7,410,
99c287b6e9f0b59b835722a9119ad12a1d9f50b9d169665f9c3d9f860dfb08df,410,
257eb89c9afe716ee9ba32cdbd95e01cdf11fc6d679d677eff2ef3ef04ca47f4,410,
debc0d5bf94db70a816f0eaea1001e8bdc462db5ded561606e0ad606857e9a60,410,
8b7de81eef4d65a2129fc0e549b2f7987a16c9604192cafb92294ee26dcd75b2,410,
fbff7466f7a8eca7db31963f552750bf7500a8c5d520989539a18feb8ea208af,410,
fd17b124866f1510cb7b55e2a01b5e59262781aab565a26242fc0f6e755e38e1,410,
370dae5fa1397606d1adab337a12a76e64b4d729ba713ea75a09f94a6f8653df,410,
370dae5fa1397606d1adab337a12a76e64b4d729ba713ea75a09f94a6f8653df,410,
5bb7e25b160e47e5c2ec0c4afa58029a3a71dc799041a2ab61ba9f47aa9abc4a,410,
e151de92bb42a72ed4620b55ede559687f34c98752bd9446ad2390bddcd82834,410,
e151de92bb42a72ed4620b55ede559687f34c98752bd9446ad2390bddcd82834,410,
6a2e1ecbcab89bd103d2ecb32fe6390304b7a2dc419b941c10b2dcfc7f2fb4ba,410,
e8b57b1de8fc3109043583a555b364018211ac6e26d2ed0092f6038a120cf0ff,410,
d18a5d7db65828f8a84cc7b61f7ddc427e44944cb1ee9e258f80f1f961faebe9,410,
d18a5d7db65828f8a84cc7b61f7ddc427e44944cb1ee9e258f80f1f961faebe9,410,
912723fdf21ea7d4ab13c1c722f28237298d3c4cdbc8d7228c190c0f32a5cfe5,410,
912723fdf21ea7d4ab13c1c722f28237298d3c4cdbc8d7228c190c0f32a5cfe5,410,
f4e08e76e26adcecdee8cc8debb5201121edda6516471a8fa6cdb31ca00ac742,410,
8e9c98145633862111202d09f1e3d24370cf8e4f2a154cf37259dc6e2fa53cc7,410,
90ca72e26b673e721c3ff606518a6ed68c3bae03d601ec8eb74d0e4a9b5235c5,410,
d07e2c1bc437439fb00ca65b10544793b42cebc346d57373964fd91a631fafe9,410,
d07e2c1bc437439fb00ca65b10544793b42cebc346d57373964fd91a631fafe9,410,
447b5bde61e45607272c92a29d3b033d282a8c5bc778e2c87153baacefb125f1,410,
8a5308d4b8e5c240e9120685c52b3b94e44e0c87dbf582eb09f6dfe928bb9d2a,410,
68b621b9e2e78cf86874fa8016fb3fe6e7f2d85eaaa18e8cc8ca4199203f4f38,410,
b3b9510516fceda5b468c63cf2e54371c051f2ad34d9a1e45b820294ef5e70fc,410,
1e5e9aac8e2eca160ed2511397c1ab2a59eee8c764e1bef9b10ee9d64de9ac22,410,
37c12dfb931e781d57d4fcd5bff61adf0a61fc093e03e3530a4ffc1b9af874de,410,
2626c62a6065e507ec3f93f60f4b138579f7b795b914c01deaef7f3f79a49bc7,410,
7053c6409165ed54b42b85e85c01d72fb8641ace724b0c697d7762ff6f83b039,410,
7053c6409165ed54b42b85e85c01d72fb8641ace724b0c697d7762ff6f83b039,410,
bee17947cd13d5206734ea43c83f026b766716add77109d7ddf01b936a74d8a3,410,
25118dbeb2d2d440db699ce09563324b032645028eaa3aea425bc0808c38112f,410,
ce5c85d88d2f0e0a82f4bb5dd0b9913b72d020d80db01f32328045ee3da163fa,410,
ce5c85d88d2f0e0a82f4bb5dd0b9913b72d020d80db01f32328045ee3da163fa,410,
f44ea24c62d1ebbe100ba73a24b22fa27da645d1c86f24cb2eadbba1794879d5,410,
9d0b2a97d543bc415e79c2b01029253764c04249c56b2147c2c64ac89f3b7adb,410,
7384d83065376a4fcccb0b25c840704e1012b3467420e0a609816540bda3ad17,410,
4a10af24fbc0983c63537d0875f5666f9d6f4cb7c41570745354abc974faca53,410,
8998ebb6e814bf100e0e1607b4fd9a70e2597b19b704fa346191fa548b5a36ad,410,
01c922a3f33dda8ce6b5ab57a5522319157911a039a6441699ed40984555e094,410,
773b254a277d51a73d83ecd753e5c34ee2ae5b72b5ccfdf61c4cc7bd3e759e40,410,
cbcbbf652fbbca0bfd4c30217988ac35528da82e353ae46855e8218120dde248,410,
dfa9be5a08fb6f8b3eb272ec4744d69740aaf51ab796c1ab0de67c6be1aa1dbc,410,
68badca0e891be42cf6759262c8cf4ae3792dd4563e067fb066c0ba4dd49c08d,410,
78ed5fbfa690db98ab8cf1ee50a20e13a6e7cf4e7c8d682a25e0b46e09376524,410,
ac105c4513685cb1901d287cc54fda80a42c8ef4d5d80efe50322cc1a6717b2d,410,
9933fb8af06079613a66d7f88426cc1f2ae344ee5154f739a12cc5111c676fb4,410,
9933fb8af06079613a66d7f88426cc1f2ae344ee5154f739a12cc5111c676fb4,410,
b8b3ddd50ffcdf945d8ebff7400d467ecc5dbf505c8ded1c08c55aa411b892f0,410,
fc71af874659648f478255d52c2649878862c7557dd47d9a5a0697875082f9f5,410,
c9bfc4133f0e2192bc4b92f2717b6c04544d111bedb9e307985eac35426999e6,410,
bef352a1313a8f4cdabf08b3cd550a9967a723e061534485798cf6c4b200e2bf,410,
0e998c88ba58035c5a638240ecaec77aa5498b4a177cb40f79d5dc84ef85f612,410,
0e998c88ba58035c5a638240ecaec77aa5498b4a177cb40f79d5dc84ef85f612,410,
0e998c88ba58035c5a638240ecaec77aa5498b4a177cb40f79d5dc84ef85f612,410,
2eb8c443dbf7cd505c72aeede0cb051329326e89ea93698c26cb8b3f1c615f53,410,
2eb8c443dbf7cd505c72aeede0cb051329326e89ea93698c26cb8b3f1c615f53,410,
d97433dedf916a7fcb41202c7c687c63c77a03e9601b242b20d6d0f9030a1de3,410,
d97433dedf916a7fcb41202c7c687c63c77a03e9601b242b20d6d0f9030a1de3,410,
debd3200e23535ab7ddc8d665e0cec7899a141540357b2bcc49e905a1f2b6d9a,410,
22da6ec5b4606f5e6ecb3870a934b09f3b84a98b24a6c9c163b6e0f7b2dcf788,410,
a11c34820ff047d46acc20692d22a01bbaa4a7603831251989742a1fb277ebeb,410,
3b694528538878d378fd6892a649fa634f0013ef299331e6c12b078cfe85d3b2,410,
93264a2648d3dbbf4a154681831e006fb7ee7bbec0a46a4970285f4a847950e0,410,
27710b83c46fb36c73ae7eb3d9011e7cd2488c535e04c7bd0beb2587364d464b,410,
ad2030e211cbb0f3b7b72d1739b25798620f8913d5615859116de41f21a4ff8a,410,
317e0b502e4795ce0b03d1d0e787f8dbb7968d5755d88480437144d1243d4cc6,410,
2a88a5bb2cd54c35b964ca37ea4d21578d8ac8fa2c4b8cd08099b73eb413ed95,410,
3c12903110d1db128728a1dbd69069b6345b6db2a15afdb0ae6fc066eecfbcf5,410,
fd6bd8585351afdb377ae0cbb5a84458ae5c95e8bed63d2f77fbfe29553a2e8c,410,
9b8b98269d0c64d67fdc61648eb93b8c107e8140d6d34b3b77129530b3be6512,410,
68a69753b93b4d9e3a20e0a444ed570fb6c7d1dacf0a3670b5f159dbb78c0bef,410,
1bfd789e5ef626be41c4f8c9159d91842fbc42280dc03425c21907888e127983,410,
12e709c847614f924fc6bd9dcb9c162816e5962388776532fc311a9bb2d18c83,410,
9a4dbc5dfea6d37441ff4c088bbcd83950753fbf8c44a509024c38795771bdea,410,
6e9339b9a6ebf724dc2851f4b45d4d46c3ffe8382d212106baddcc719ebae9d3,410,
35d99c0b2acc124187c52a88ab20574f6725891f638ee55691d6faa7cfc57879,410,
b55c622baca2ad486800f103892c7396e4a380b4903e1cce8f544897858c1668,410,
b027b32a064e63f0c7ef12f14cb9a27421c85f997f5370396c4da9c7c7b29cdc,410,
5a95408cd01f259c40f497a1d3b3f98a05aa045cf489f7693f4d0f04340b2371,410,
a23f2de23de444a9a71de1471aa2aed3ec7a8aa61c389c19218d2340b5870877,410,
8c0b91e9329ef621e3d3a859cbab0e549b197f20edaad3810c5e430b53cdf910,410,
163a15518ad8e5437a2471adf78aabf61a16c49b79a0c9f7c425730829b95349,410,
6cd0ed46a9a905307ff30d8b99fc5ca8b6e1dceb4f3b4f3c30a2b2949d9ddbc3,410,
705ceb15dcf386c1df3b529f229bea20a994c75e1b8ddc1a76c171a15520586b,410,
e73efe7308c78be23577d3a9697556bfb08dd5f05e36950775f9f303152282b7,410,
0abd8a357da3b458504a8e16969a1c7ede85e8b7ef2bdef274d382f1db4108fc,410,
ac04d0c690309080abc9f00184bc5d5fcfd1012e94190f0377f198eb10d3bb9a,410,
2725bc174ee313bef19501e6e41ab9d00acafc03e54b7138111df1f0ee88a996,410,
77b8f55fe03bd46c4910095a04f34c8dd5beb2fb34ec85cd3674a3a2126e6975,410,
964617aa91b0152ff3e8a90e896df6b4ebc95c4add8a5f7bbcccc4151109d360,410,
3a654fc09c0a9079e1e4e97fee7b4a8ac9ee56674d93fb2ada7290513c4e518f,410,
4c524bd78ea05989aaaabdcad0cae87d48f4ad9eaf18a4e4979d4f0f78465c55,410,
cd0c958ec2843364957c2fd9757151fdfb6659bb8e0d51e2bd98eaa7847df147,410,
749ea8acd0bf85b9610e9ede074eb8475eed2b1eb4f2404f8353f1ffc9a99c96,410,
e5626b915aa301b0d044cfb3844fb41a70ecb1b9a4606fc0b44efa8954a0d800,410,
e5626b915aa301b0d044cfb3844fb41a70ecb1b9a4606fc0b44efa8954a0d800,410,
1916bf47abdb6993ec78965cd87d4dc6cdd223fe60d093cb6da9c4426d8edc3f,410,
43fb670951b91b2f2a0d7ca84023116e8a20f4726de77ec119256f87a91cd470,410,
57d187fb0565b0c776f0436fbd774acc92bca85c17dc6169a3164bc498221b52,410,
850e4aa49507b8efa53b6926d7a788721cdd20c5e1a4633541c366c63c7522c7,410,
850e4aa49507b8efa53b6926d7a788721cdd20c5e1a4633541c366c63c7522c7,410,
a384111bf3a98555ff38db0ad37fe7296a362587c5fedae09f0e28de990dc373,410,
1a349651d94dfdbdc44773a256313c391c7418f0bcad53f0697c97905e5df993,410,
c94e35967405344dd2fd4116f2705be22d222407eb82d5ef0b04b7aafa835f63,410,
f41d0d2a21b84ba59e143ce2e5639185bc7f2b7ecc4e9fb1f1224d31e15fd01b,410,
cddbcf3150b135074e4e91b7179c08d788daef8c7913da076de67365081b2c95,410,
b6ed0267c9db2903f719643ff3e153fbdf65894e33706a8a52280ce453e53ec3,410,
243dc9cd8161e864e6945a5b41949aeee0d4a484f5ded4ca6a9c5999cf24f96a,410,
cc2605c9316104004db1ff77dcd3b9f4442ca3aa06a3203613bfc5768d1341de,410,
7e47edd7c0f31c2a1c6b164b638058bc95ce053743da6faecf840fe5c70f15c8,410,
7e47edd7c0f31c2a1c6b164b638058bc95ce053743da6faecf840fe5c70f15c8,410,
7bbf483dd896de667a8476ab102c8aa657f01c9cb8dea5c9ed186d05d941de2b,410,
e919e918e557d3ddcb1a4a843a902218b2b8ad76c429814650dea00d4b6efda5,410,
9933fb8af06079613a66d7f88426cc1f2ae344ee5154f739a12cc5111c676fb4,410,
9933fb8af06079613a66d7f88426cc1f2ae344ee5154f739a12cc5111c676fb4,410,
76b5d6f58c019347ef23ddae1e190f368c1976adc72bb10ee4dd6504c4fc1563,410,
e091db1ff7881f03430ff41d27ebb5603bd085be858e8d55f8b396fd7ab0ecea,410,
6a52d733bd8627ce811f74ec9c0b3ef593209a3472452a1e7bbe535bd13080a9,410,
8afca3f4ae34571ef8d863e117980d9b3c6d034f125d0b13c32b24fff8c98f9f,410,
67e6dd6b56e650f3a3d3dcf36fe15a179fedc2f9a587afadd4bfbc4b3d0a92ad,410,
d50998f36aa1f6ff842d5ec015bd80d2f7ef5751a9688dcabe5d36520b98bf9e,410,
d50998f36aa1f6ff842d5ec015bd80d2f7ef5751a9688dcabe5d36520b98bf9e,410,
1301090c4db4417ac4414621d000fc5def0d8aa7e85a4f58154812353566987c,410,
7264e210881b33151f28f63a68819536e6ab405a2400c4fc909a83f54edac351,410,
c30380bab6d801a817bc21d3942cc14d90a1e60ba0da79464b4d6bd875529351,410,
23d86ce74c62312d043cbb4c9a7054f8a5250d610e8755ac10a7efbc1acceebb,410,
7592a555d0d50bf7844d07f0f1c346b6062819cb47863c2f3af9c46c6fe3968b,410,
7592a555d0d50bf7844d07f0f1c346b6062819cb47863c2f3af9c46c6fe3968b,410,
7dd47652f03a5d7a2df7a2fd239730707208c1f838b33dd3ed52522e2907de49,410,
8eab343a5835b21daa422a75854b00362529e26559453979a807285a40e18e56,410,
3a639f02254a8ae8fb54dca24fbbf5912ed7a1d1ae04bfe66712cd4c73ea99cb,410,
d044b96116cc9d06732a919af514c5523aee0a02f6996d82348f235239654fde,410,
d044b96116cc9d06732a919af514c5523aee0a02f6996d82348f235239654fde,410,
95cc961f89e833cadf8b883eeca8bf361fb9bbae7481d1e3dfc6199a8893df30,410,
9933fb8af06079613a66d7f88426cc1f2ae344ee5154f739a12cc5111c676fb4,410,
bba5d3b6e77a76e8e4114d53784424f6d99a0a24db2cc6a9b28d93a6d63cf6e6,410,
55130191687252f7de5afb6a2634da530f0f273bf863b0f4b70a2dd6d192f670,410,
7414c00a2966fea867d2709704dae5787d9c8e7690663623ed19c62cf5b02a7a,410,
43f6e6ef6bf2388f14b48e733911dfb69c7993678689847411c2a780b9e3d751,410,
7d2ac229b56b53ca0ab8961816fea553457bc4feebdd81efc8e2335396352ee2,410,
9f19704ae1cded4c413dd836183eef54a4cc124a4a13fe167132f956ddd6ab3f,410,
a4a67c0666dfca856013c465b4be6974ff7228a32088c7fdb3cd608de93c1ccb,410,
d24bfaec4f7775077bd74b7ce7e4c4ef606b28095e991d628a0ac900d62620fa,410,
7fc43a5ccb6d7adde6a0ebbcffe93cf2b27beb1a287b18692d9e00b6d78bd8c6,410,
7fc43a5ccb6d7adde6a0ebbcffe93cf2b27beb1a287b18692d9e00b6d78bd8c6,410,
33255f528f7167a9a712c948c568adf67422709bdc513366c2aa604a9cc8ee2f,410,
c9cc404f1e6297a2bd8d93a22d2c01eff0881a23b508b7ece061acc321fc2fdb,410,
a80388011fb8b0aa02bf28128e765f3dcc71acab0798aa4570419e1e9f66d35b,410,
dbee648b159ea39946051a17deeeaf5a5edaec50618539b113c54d7c5d3071f5,410,
dbee648b159ea39946051a17deeeaf5a5edaec50618539b113c54d7c5d3071f5,410,
dbee648b159ea39946051a17deeeaf5a5edaec50618539b113c54d7c5d3071f5,410,
9dd31d8d0e6db8d5654c07fa5a660a16f88e1882641f9968d6367ebfe2eac598,410,
4ebbf80c15a14ea35ed19f9799ab3682d0bf4aa2e33d8590929342402486749f,410,
4ebbf80c15a14ea35ed19f9799ab3682d0bf4aa2e33d8590929342402486749f,410,
0973f09fd6d71ba7d56f9f1c235dc7f05f9d252debaa16fb1734d817a91a8390,410,
faf39c9af876daf8600c29d875acce3f8f8bc2abac75afa3bcab779b82b92526,410,
c1ebdcb39b566219b421acca3e85d9575caac9ddc909c5702c7243887c5bfedc,410,
cb0af9b4b276cdc6c150ce187006009e235e057d83ad3f553d3f4c8bdc078509,410,
89732ebd34c83b45da34ab219524890ca6e156d6b41af40693c0c38735dfb7d1,410,
03bebd75a639c57ad0917f35e617aefa36919656a6b5412db73b0cbc3e383d55,410,
80e44d03848f0991442d36871b9db578d8a82244c18bd4e43ac5afd1752e4640,410,
51a4645f1ec17bc96ce5977764db8ba4f8080e5d79f11a39394286a8380a67f8,410,
51a4645f1ec17bc96ce5977764db8ba4f8080e5d79f11a39394286a8380a67f8,410,
e72da34990e03084c230ada05f4b0711da80da1330ca6b0a913c726ebb2c6693,410,
3c5c9ae14196edda0251438ef70cca1537e82ae2193f2931f2822a0b7942f339,410,
51e85e1d0ceadbe79fb82ad9b494fc56053662a444a8a29f1c773f2288d958f2,410,
9a482681cd5cceb96153db3dde34c251ca999eb4870c73d84f8c197a968f3489,410,
bdb8761a3efe999199cf6be196ea1d85a36c7d58987e2f208107e8086d36d9f6,410,
5c6f6b7edce1592cda94845130f30623c155fdcea9c676add368916eaf4108fe,410,
5c6f6b7edce1592cda94845130f30623c155fdcea9c676add368916eaf4108fe,410,
cc84216fa3981dc8b3ae5a193e2a4db169922496ef969aba1d46f3870e3cc6e8,410,
0aa04f5b5c737b7d3acdcd30232ead73de7ea766c42af5886c9afa9d8323a5fe,410,
9933fb8af06079613a66d7f88426cc1f2ae344ee5154f739a12cc5111c676fb4,410,
9933fb8af06079613a66d7f88426cc1f2ae344ee5154f739a12cc5111c676fb4,410,
93f7961f5e90ed8e26b632353221a0cc955a70fdbe3b0130c3d70ef03c5bb356,410,
6b73c9ab2e918f7d85e947b3881e2f9ac01ba1f464ba09595475262e4ff73fc2,410,
880445bc3545e51d1c3c3d39ef6f4aed767ae945a4595523acc70c9956a7bec5,410,
a3efc12b4374fc4d186f7998987cd390c269ce1c99ff3e43995a864ffa0cd03e,410,
a3efc12b4374fc4d186f7998987cd390c269ce1c99ff3e43995a864ffa0cd03e,410,
1e676ab6544457f0c926c787f10159e952c78c3be221eb5cd94cc005791042c4,410,
e2c1332237a2337864b5b94616fd45217dccf26c640722129d7e3a2c6b7cc303,410,
e2c1332237a2337864b5b94616fd45217dccf26c640722129d7e3a2c6b7cc303,410,
40ba241c5f5da1de68d3c025e68210d8707413a4d7c50ce9396a006802556669,410,
40ba241c5f5da1de68d3c025e68210d8707413a4d7c50ce9396a006802556669,410,
3e0c517ce31e6237590e5db209636937c83952e8fbbb77e1f0a92e0d2aa93a3e,410,
395e15fa19cd0d0504ec4cc7bfd3a76a6470651473e6d11970d21d3740114443,410,
59b0eebeb6302c722851d7c764690cfd8764e64ade2aae9de7e125c34f5f8187,410,
49a918dc51d8d4063061e5b0d257943aa194370ae1f07a1c1fc746f7ed7dd3b3,410,
49a918dc51d8d4063061e5b0d257943aa194370ae1f07a1c1fc746f7ed7dd3b3,410,
b909e2e3e649c4ced7ce6a094ad0fbf070041816826999dd0aabf347b6e46b72,410,
937c9a1bdda7b0712aae5e088d8ff062a89fc2b9d70b8bcf06c0f4e03d50e6b9,410,
5653f68c1e353d88d42ce7156781aecf3bef6abd834ba6390f286d1768cea381,410,
56aabd5334c3113d320c5042626f792e67d82cf084d94298742960a2076856ec,410,
fb5bf9a888b6cdf788db00e91696a3c4be24d664ab1ff45bdbdb9a04ccc7892b,410,
cab8e3b767601dc0944e8f2b5232c270c72c368b84935816c27203cd0b0517e0,410,
232c6cab386276d5fbd262f6e0cd04571e1ba8f51d7faa9bd5baa75131ac04fb,410,
860b0f2226d5d98b8ab9821ff26c841d2d567ca89fc25f4c427a57d6f39c2904,410,
9933fb8af06079613a66d7f88426cc1f2ae344ee5154f739a12cc5111c676fb4,410,
9933fb8af06079613a66d7f88426cc1f2ae344ee5154f739a12cc5111c676fb4,410,
d69676bea0cb8e0285cbe175679219157615e5232dcd5a2bc37825c1564330a3,410,
0f2521abd23633c27eae03cc4e8ed3d8405e8ecd27e5c94beb9ed11fe9d288fa,410,
835c5663ec3d83a305271a5b4f30e43010a27d572f46a1268a206249187b7222,410,
0971665e09d354b2b04ea04611aab728191abfc2614e06f1c99918c38698a914,410,
e32a19da9919183c94609d6f01101c754e6c19b8572e3b48b757098982524d39,410,
e893092e2c3a997249b7065552d80d6a5fe3d38060cc2130564d1cef8f876bc9,410,
e893092e2c3a997249b7065552d80d6a5fe3d38060cc2130564d1cef8f876bc9,410,
e893092e2c3a997249b7065552d80d6a5fe3d38060cc2130564d1cef8f876bc9,410,
e893092e2c3a997249b7065552d80d6a5fe3d38060cc2130564d1cef8f876bc9,410,
689e4793be3bf04c55a8b5c7d9028351e5d101b1526d621a7a4d15d4b9216133,410,
689e4793be3bf04c55a8b5c7d9028351e5d101b1526d621a7a4d15d4b9216133,410,
959f26a44a613417def5d0b5762cd030ee3cfe91850e8b2920a62aa66bcd940b,410,
959f26a44a613417def5d0b5762cd030ee3cfe91850e8b2920a62aa66bcd940b,410,
37805390036c847e22eb0615a60403ba241c6dc4bfeae6b7b53b5e3dfcfb28cb,410,
37805390036c847e22eb0615a60403ba241c6dc4bfeae6b7b53b5e3dfcfb28cb,410,
2b9acc994f06b513dda160186c98affbdd785a8b21fc0734e0c6696cc293c1fe,410,
4f794c5d606db33149727e8f40d1fc2376d5dc5acd21d2d3c2debfaae9a89db7,410,
99c287b6e9f0b59b835722a9119ad12a1d9f50b9d169665f9c3d9f860dfb08df,410,
257eb89c9afe716ee9ba32cdbd95e01cdf11fc6d679d677eff2ef3ef04ca47f4,410,
debc0d5bf94db70a816f0eaea1001e8bdc462db5ded561606e0ad606857e9a60,410,
8b7de81eef4d65a2129fc0e549b2f7987a16c9604192cafb92294ee26dcd75b2,410,
fbff7466f7a8eca7db31963f552750bf7500a8c5d520989539a18feb8ea208af,410,
fd17b124866f1510cb7b55e2a01b5e59262781aab565a26242fc0f6e755e38e1,410,
370dae5fa1397606d1adab337a12a76e64b4d729ba713ea75a09f94a6f8653df,410,
370dae5fa1397606d1adab337a12a76e64b4d729ba713ea75a09f94a6f8653df,410,
5bb7e25b160e47e5c2ec0c4afa58029a3a71dc799041a2ab61ba9f47aa9abc4a,410,
e151de92bb42a72ed4620b55ede559687f34c98752bd9446ad2390bddcd82834,410,
e151de92bb42a72ed4620b55ede559687f34c98752bd9446ad2390bddcd82834,410,
6a2e1ecbcab89bd103d2ecb32fe6390304b7a2dc419b941c10b2dcfc7f2fb4ba,410,
e8b57b1de8fc3109043583a555b364018211ac6e26d2ed0092f6038a120cf0ff,410,
d18a5d7db65828f8a84cc7b61f7ddc427e44944cb1ee9e258f80f1f961faebe9,410,
d18a5d7db65828f8a84cc7b61f7ddc427e44944cb1ee9e258f80f1f961faebe9,410,
912723fdf21ea7d4ab13c1c722f28237298d3c4cdbc8d7228c190c0f32a5cfe5,410,
912723fdf21ea7d4ab13c1c722f28237298d3c4cdbc8d7228c190c0f32a5cfe5,410,
f4e08e76e26adcecdee8cc8debb5201121edda6516471a8fa6cdb31ca00ac742,410,
8e9c98145633862111202d09f1e3d24370cf8e4f2a154cf37259dc6e2fa53cc7,410,
90ca72e26b673e721c3ff606518a6ed68c3bae03d601ec8eb74d0e4a9b5235c5,410,
d07e2c1bc437439fb00ca65b10544793b42cebc346d57373964fd91a631fafe9,410,
d07e2c1bc437439fb00ca65b10544793b42cebc346d57373964fd91a631fafe9,410,
447b5bde61e45607272c92a29d3b033d282a8c5bc778e2c87153baacefb125f1,410,
8a5308d4b8e5c240e9120685c52b3b94e44e0c87dbf582eb09f6dfe928bb9d2a,410,
68b621b9e2e78cf86874fa8016fb3fe6e7f2d85eaaa18e8cc8ca4199203f4f38,410,
b3b9510516fceda5b468c63cf2e54371c051f2ad34d9a1e45b820294ef5e70fc,410,
1e5e9aac8e2eca160ed2511397c1ab2a59eee8c764e1bef9b10ee9d64de9ac22,410,
37c12dfb931e781d57d4fcd5bff61adf0a61fc093e03e3530a4ffc1b9af874de,410,
2626c62a6065e507ec3f93f60f4b138579f7b795b914c01deaef7f3f79a49bc7,410,
7053c6409165ed54b42b85e85c01d72fb8641ace724b0c697d7762ff6f83b039,410,
7053c6409165ed54b42b85e85c01d72fb8641ace724b0c697d7762ff6f83b039,410,
bee17947cd13d5206734ea43c83f026b766716add77109d7ddf01b936a74d8a3,410,
25118dbeb2d2d440db699ce09563324b032645028eaa3aea425bc0808c38112f,410,
ce5c85d88d2f0e0a82f4bb5dd0b9913b72d020d80db01f32328045ee3da163fa,410,
ce5c85d88d2f0e0a82f4bb5dd0b9913b72d020d80db01f32328045ee3da163fa,410,
f44ea24c62d1ebbe100ba73a24b22fa27da645d1c86f24cb2eadbba1794879d5,410,
9d0b2a97d543bc415e79c2b01029253764c04249c56b2147c2c64ac89f3b7adb,410,
7384d83065376a4fcccb0b25c840704e1012b3467420e0a609816540bda3ad17,410,
4a10af24fbc0983c63537d0875f5666f9d6f4cb7c41570745354abc974faca53,410,
8998ebb6e814bf100e0e1607b4fd9a70e2597b19b704fa346191fa548b5a36ad,410,
01c922a3f33dda8ce6b5ab57a5522319157911a039a6441699ed40984555e094,410,
773b254a277d51a73d83ecd753e5c34ee2ae5b72b5ccfdf61c4cc7bd3e759e40,410,
cbcbbf652fbbca0bfd4c30217988ac35528da82e353ae46855e8218120dde248,410,
dfa9be5a08fb6f8b3eb272ec4744d69740aaf51ab796c1ab0de67c6be1aa1dbc,410,
68badca0e891be42cf6759262c8cf4ae3792dd4563e067fb066c0ba4dd49c08d,410,
78ed5fbfa690db98ab8cf1ee50a20e13a6e7cf4e7c8d682a25e0b46e09376524,410,
ac105c4513685cb1901d287cc54fda80a42c8ef4d5d80efe50322cc1a6717b2d,410,
9933fb8af06079613a66d7f88426cc1f2ae344ee5154f739a12cc5111c676fb4,410,
9933fb8af06079613a66d7f88426cc1f2ae344ee5154f739a12cc5111c676fb4,410,
b8b3ddd50ffcdf945d8ebff7400d467ecc5dbf505c8ded1c08c55aa411b892f0,410,
fc71af874659648f478255d52c2649878862c7557dd47d9a5a0697875082f9f5,410,
c9bfc4133f0e2192bc4b92f2717b6c04544d111bedb9e307985eac35426999e6,410,
bef352a1313a8f4cdabf08b3cd550a9967a723e061534485798cf6c4b200e2bf,410,
0e998c88ba58035c5a638240ecaec77aa5498b4a177cb40f79d5dc84ef85f612,410,
0e998c88ba58035c5a638240ecaec77aa5498b4a177cb40f79d5dc84ef85f612,410,
0e998c88ba58035c5a638240ecaec77aa5498b4a177cb40f79d5dc84ef85f612,410,
2eb8c443dbf7cd505c72aeede0cb051329326e89ea93698c26cb8b3f1c615f53,410,
2eb8c443dbf7cd505c72aeede0cb051329326e89ea93698c26cb8b3f1c615f53,410,
d97433dedf916a7fcb41202c7c687c63c77a03e9601b242b20d6d0f9030a1de3,410,
d97433dedf916a7fcb41202c7c687c63c77a03e9601b242b20d6d0f9030a1de3,410,
debd3200e23535ab7ddc8d665e0cec7899a141540357b2bcc49e905a1f2b6d9a,410,
22da6ec5b4606f5e6ecb3870a934b09f3b84a98b24a6c9c163b6e0f7b2dcf788,410,
a11c34820ff047d46acc20692d22a01bbaa4a7603831251989742a1fb277ebeb,410,
3b694528538878d378fd6892a649fa634f0013ef299331e6c12b078cfe85d3b2,410,
93264a2648d3dbbf4a154681831e006fb7ee7bbec0a46a4970285f4a847950e0,410,
27710b83c46fb36c73ae7eb3d9011e7cd2488c535e04c7bd0beb2587364d464b,410,
ad2030e211cbb0f3b7b72d1739b25798620f8913d5615859116de41f21a4ff8a,410,
317e0b502e4795ce0b03d1d0e787f8dbb7968d5755d88480437144d1243d4cc6,410,
2a88a5bb2cd54c35b964ca37ea4d21578d8ac8fa2c4b8cd08099b73eb413ed95,410,
3c12903110d1db128728a1dbd69069b6345b6db2a15afdb0ae6fc066eecfbcf5,410,
fd6bd8585351afdb377ae0cbb5a84458ae5c95e8bed63d2f77fbfe29553a2e8c,410,
9b8b98269d0c64d67fdc61648eb93b8c107e8140d6d34b3b77129530b3be6512,410,
68a69753b93b4d9e3a20e0a444ed570fb6c7d1dacf0a3670b5f159dbb78c0bef,410,
1bfd789e5ef626be41c4f8c9159d91842fbc42280dc03425c21907888e127983,410,
12e709c847614f924fc6bd9dcb9c162816e5962388776532fc311a9bb2d18c83,410,
9a4dbc5dfea6d37441ff4c088bbcd83950753fbf8c44a509024c38795771bdea,410,
6e9339b9a6ebf724dc2851f4b45d4d46c3ffe8382d212106baddcc719ebae9d3,410,
35d99c0b2acc124187c52a88ab20574f6725891f638ee55691d6faa7cfc57879,410,
b55c622baca2ad486800f103892c7396e4a380b4903e1cce8f544897858c1668,410,
b027b32a064e63f0c7ef12f14cb9a27421c85f997f5370396c4da9c7c7b29cdc,410,
5a95408cd01f259c40f497a1d3b3f98a05aa045cf489f7693f4d0f04340b2371,410,
a23f2de23de444a9a71de1471aa2aed3ec7a8aa61c389c19218d2340b5870877,410,
8c0b91e9329ef621e3d3a859cbab0e549b197f20edaad3810c5e430b53cdf910,410,
163a15518ad8e5437a2471adf78aabf61a16c49b79a0c9f7c425730829b95349,410,
6cd0ed46a9a905307ff30d8b99fc5ca8b6e1dceb4f3b4f3c30a2b2949d9ddbc3,410,
705ceb15dcf386c1df3b529f229bea20a994c75e1b8ddc1a76c171a15520586b,410,
e73efe7308c78be23577d3a9697556bfb08dd5f05e36950775f9f303152282b7,410,
0abd8a357da3b458504a8e16969a1c7ede85e8b7ef2bdef274d382f1db4108fc,410,
ac04d0c690309080abc9f00184bc5d5fcfd1012e94190f0377f198eb10d3bb9a,410,
2725bc174ee313bef19501e6e41ab9d00acafc03e54b7138111df1f0ee88a996,410,
77b8f55fe03bd46c4910095a04f34c8dd5beb2fb34ec85cd3674a3a2126e6975,410,
964617aa91b0152ff3e8a90e896df6b4ebc95c4add8a5f7bbcccc4151109d360,410,
3a654fc09c0a9079e1e4e97fee7b4a8ac9ee56674d93fb2ada7290513c4e518f,410,
4c524bd78ea05989aaaabdcad0cae87d48f4ad9eaf18a4e4979d4f0f78465c55,410,
cd0c958ec2843364957c2fd9757151fdfb6659bb8e0d51e2bd98eaa7847df147,410,
749ea8acd0bf85b9610e9ede074eb8475eed2b1eb4f2404f8353f1ffc9a99c96,410,
e5626b915aa301b0d044cfb3844fb41a70ecb1b9a4606fc0b44efa8954a0d800,410,
e5626b915aa301b0d044cfb3844fb41a70ecb1b9a4606fc0b44efa8954a0d800,410,
1916bf47abdb6993ec78965cd87d4dc6cdd223fe60d093cb6da9c4426d8edc3f,410,
43fb670951b91b2f2a0d7ca84023116e8a20f4726de77ec119256f87a91cd470,410,
57d187fb0565b0c776f0436fbd774acc92bca85c17dc6169a3164bc498221b52,410,
850e4aa49507b8efa53b6926d7a788721cdd20c5e1a4633541c366c63c7522c7,410,
850e4aa49507b8efa53b6926d7a788721cdd20c5e1a4633541c366c63c7522c7,410,
a384111bf3a98555ff38db0ad37fe7296a362587c5fedae09f0e28de990dc373,410,
1a349651d94dfdbdc44773a256313c391c7418f0bcad53f0697c97905e5df993,410,
c94e35967405344dd2fd4116f2705be22d222407eb82d5ef0b04b7aafa835f63,410,
f41d0d2a21b84ba59e143ce2e5639185bc7f2b7ecc4e9fb1f1224d31e15fd01b,410,
cddbcf3150b135074e4e91b7179c08d788daef8c7913da076de67365081b2c95,410,
b6ed0267c9db2903f719643ff3e153fbdf65894e33706a8a52280ce453e53ec3,410,
243dc9cd8161e864e6945a5b41949aeee0d4a484f5ded4ca6a9c5999cf24f96a,410,
cc2605c9316104004db1ff77dcd3b9f4442ca3aa06a3203613bfc5768d1341de,410,
7e47edd7c0f31c2a1c6b164b638058bc95ce053743da6faecf840fe5c70f15c8,410,
7e47edd7c0f31c2a1c6b164b638058bc95ce053743da6faecf840fe5c70f15c8,410,
7bbf483dd896de667a8476ab102c8aa657f01c9cb8dea5c9ed186d05d941de2b,410,
e919e918e557d3ddcb1a4a843a902218b2b8ad76c429814650dea00d4b6efda5,410,
9933fb8af06079613a66d7f88426cc1f2ae344ee5154f739a12cc5111c676fb4,410,
9933fb8af06079613a66d7f88426cc1f2ae344ee5154f739a12cc5111c676fb4,410,
76b5d6f58c019347ef23ddae1e190f368c1976adc72bb10ee4dd6504c4fc1563,410,
e091db1ff7881f03430ff41d27ebb5603bd085be858e8d55f8b396fd7ab0ecea,410,
6a52d733bd8627ce811f74ec9c0b3ef593209a3472452a1e7bbe535bd13080a9,410,
8afca3f4ae34571ef8d863e117980d9b3c6d034f125d0b13c32b24fff8c98f9f,410,
67e6dd6b56e650f3a3d3dcf36fe15a179fedc2f9a587afadd4bfbc4b3d0a92ad,410,
d50998f36aa1f6ff842d5ec015bd80d2f7ef5751a9688dcabe5d36520b98bf9e,410,
d50998f36aa1f6ff842d5ec015bd80d2f7ef5751a9688dcabe5d36520b98bf9e,410,
1301090c4db4417ac4414621d000fc5def0d8aa7e85a4f58154812353566987c,410,
7264e210881b33151f28f63a68819536e6ab405a2400c4fc909a83f54edac351,410,
c30380bab6d801a817bc21d3942cc14d90a1e60ba0da79464b4d6bd875529351,410,
23d86ce74c62312d043cbb4c9a7054f8a5250d610e8755ac10a7efbc1acceebb,410,
7592a555d0d50bf7844d07f0f1c346b6062819cb47863c2f3af9c46c6fe3968b,410,
7592a555d0d50bf7844d07f0f1c346b6062819cb47863c2f3af9c46c6fe3968b,410,
7dd47652f03a5d7a2df7a2fd239730707208c1f838b33dd3ed52522e2907de49,410,
8eab343a5835b21daa422a75854b00362529e26559453979a807285a40e18e56,410,
3a639f02254a8ae8fb54dca24fbbf5912ed7a1d1ae04bfe66712cd4c73ea99cb,410,
d044b96116cc9d06732a919af514c5523aee0a02f6996d82348f235239654fde,410,
d044b96116cc9d06732a919af514c5523aee0a02f6996d82348f235239654fde,410,
95cc961f89e833cadf8b883eeca8bf361fb9bbae7481d1e3dfc6199a8893df30,410,
9933fb8af06079613a66d7f88426cc1f2ae344ee5154f739a12cc5111c676fb4,410,
bba5d3b6e77a76e8e4114d53784424f6d99a0a24db2cc6a9b28d93a6d63cf6e6,410,
55130191687252f7de5afb6a2634da530f0f273bf863b0f4b70a2dd6d192f670,410,
7414c00a2966fea867d2709704dae5787d9c8e7690663623ed19c62cf5b02a7a,410,
43f6e6ef6bf2388f14b48e733911dfb69c7993678689847411c2a780b9e3d751,410,
7d2ac229b56b53ca0ab8961816fea553457bc4feebdd81efc8e2335396352ee2,410,
9f19704ae1cded4c413dd836183eef54a4cc124a4a13fe167132f956ddd6ab3f,410,
a4a67c0666dfca856013c465b4be6974ff7228a32088c7fdb3cd608de93c1ccb,410,
d24bfaec4f7775077bd74b7ce7e4c4ef606b28095e991d628a0ac900d62620fa,410,
7fc43a5ccb6d7adde6a0ebbcffe93cf2b27beb1a287b18692d9e00b6d78bd8c6,410,
7fc43a5ccb6d7adde6a0ebbcffe93cf2b27beb1a287b18692d9e00b6d78bd8c6,410,
33255f528f7167a9a712c948c568adf67422709bdc513366c2aa604a9cc8ee2f,410,
c9cc404f1e6297a2bd8d93a22d2c01eff0881a23b508b7ece061acc321fc2fdb,410,
a80388011fb8b0aa02bf28128e765f3dcc71acab0798aa4570419e1e9f66d35b,410,
dbee648b159ea39946051a17deeeaf5a5edaec50618539b113c54d7c5d3071f5,410,
dbee648b159ea39946051a17deeeaf5a5edaec50618539b113c54d7c5d3071f5,410,
dbee648b159ea39946051a17deeeaf5a5edaec50618539b113c54d7c5d3071f5,410,
9dd31d8d0e6db8d5654c07fa5a660a16f88e1882641f9968d6367ebfe2eac598,410,
4ebbf80c15a14ea35ed19f9799ab3682d0bf4aa2e33d8590929342402486749f,410,
4ebbf80c15a14ea35ed19f9799ab3682d0bf4aa2e33d8590929342402486749f,410,
0973f09fd6d71ba7d56f9f1c235dc7f05f9d252debaa16fb1734d817a91a8390,410,
faf39c9af876daf8600c29d875acce3f8f8bc2abac75afa3bcab779b82b92526,410,
c1ebdcb39b566219b421acca3e85d9575caac9ddc909c5702c7243887c5bfedc,410,
cb0af9b4b276cdc6c150ce187006009e235e057d83ad3f553d3f4c8bdc078509,410,
89732ebd34c83b45da34ab219524890ca6e156d6b41af40693c0c38735dfb7d1,410,
03bebd75a639c57ad0917f35e617aefa36919656a6b5412db73b0cbc3e383d55,410,
80e44d03848f0991442d36871b9db578d8a82244c18bd4e43ac5afd1752e4640,410,
51a4645f1ec17bc96ce5977764db8ba4f8080e5d79f11a39394286a8380a67f8,410,
51a4645f1ec17bc96ce5977764db8ba4f8080e5d79f11a39394286a8380a67f8,410,
e72da34990e03084c230ada05f4b0711da80da1330ca6b0a913c726ebb2c6693,410,
3c5c9ae14196edda0251438ef70cca1537e82ae2193f2931f2822a0b7942f339,410,
51e85e1d0ceadbe79fb82ad9b494fc56053662a444a8a29f1c773f2288d958f2,410,
9a482681cd5cceb96153db3dde34c251ca999eb4870c73d84f8c197a968f3489,410,
bdb8761a3efe999199cf6be196ea1d85a36c7d58987e2f208107e8086d36d9f6,410,
5c6f6b7edce1592cda94845130f30623c155fdcea9c676add368916eaf4108fe,410,
5c6f6b7edce1592cda94845130f30623c155fdcea9c676add368916eaf4108fe,410,
cc84216fa3981dc8b3ae5a193e2a4db169922496ef969aba1d46f3870e3cc6e8,410,
0aa04f5b5c737b7d3acdcd30232ead73de7ea766c42af5886c9afa9d8323a5fe,410,
9933fb8af06079613a66d7f88426cc1f2ae344ee5154f739a12cc5111c676fb4,410,
9933fb8af06079613a66d7f88426cc1f2ae344ee5154f739a12cc5111c676fb4,410,
93f7961f5e90ed8e26b632353221a0cc955a70fdbe3b0130c3d70ef03c5bb356,410,
6b73c9ab2e918f7d85e947b3881e2f9ac01ba1f464ba09595475262e4ff73fc2,410,
880445bc3545e51d1c3c3d39ef6f4aed767ae945a4595523acc70c9956a7bec5,410,
a3efc12b4374fc4d186f7998987cd390c269ce1c99ff3e43995a864ffa0cd03e,410,
a3efc12b4374fc4d186f7998987cd390c269ce1c99ff3e43995a864ffa0cd03e,410,
1e676ab6544457f0c926c787f10159e952c78c3be221eb5cd94cc005791042c4,410,
e2c1332237a2337864b5b94616fd45217dccf26c640722129d7e3a2c6b7cc303,410,
e2c1332237a2337864b5b94616fd45217dccf26c640722129d7e3a2c6b7cc303,410,
40ba241c5f5da1de68d3c025e68210d8707413a4d7c50ce9396a006802556669,410,
40ba241c5f5da1de68d3c025e68210d8707413a4d7c50ce9396a006802556669,410,
3e0c517ce31e6237590e5db209636937c83952e8fbbb77e1f0a92e0d2aa93a3e,410,
395e15fa19cd0d0504ec4cc7bfd3a76a6470651473e6d11970d21d3740114443,410,
59b0eebeb6302c722851d7c764690cfd8764e64ade2aae9de7e125c34f5f8187,410,
49a918dc51d8d4063061e5b0d257943aa194370ae1f07a1c1fc746f7ed7dd3b3,410,
49a918dc51d8d4063061e5b0d257943aa194370ae1f07a1c1fc746f7ed7dd3b3,410,
b909e2e3e649c4ced7ce6a094ad0fbf070041816826999dd0aabf347b6e46b72,410,
937c9a1bdda7b0712aae5e088d8ff062a89fc2b9d70b8bcf06c0f4e03d50e6b9,410,
5653f68c1e353d88d42ce7156781aecf3bef6abd834ba6390f286d1768cea381,410,
56aabd5334c3113d320c5042626f792e67d82cf084d94298742960a2076856ec,410,
fb5bf9a888b6cdf788db00e91696a3c4be24d664ab1ff45bdbdb9a04ccc7892b,410,
cab8e3b767601dc0944e8f2b5232c270c72c368b84935816c27203cd0b0517e0,410,
232c6cab386276d5fbd262f6e0cd04571e1ba8f51d7faa9bd5baa75131ac04fb,410,
860b0f2226d5d98b8ab9821ff26c841d2d567ca89fc25f4c427a57d6f39c2904,410,
9933fb8af06079613a66d7f88426cc1f2ae344ee5154f739a12cc5111c676fb4,410,
9933fb8af06079613a66d7f88426cc1f2ae344ee5154f739a12cc5111c676fb4,410,
d69676bea0cb8e0285cbe175679219157615e5232dcd5a2bc37825c1564330a3,410,
0f2521abd23633c27eae03cc4e8ed3d8405e8ecd27e5c94beb9ed11fe9d288fa,410,
835c5663ec3d83a305271a5b4f30e43010a27d572f46a1268a206249187b7222,410,
0971665e09d354b2b04ea04611aab728191abfc2614e06f1c99918c38698a914,410,
e32a19da9919183c94609d6f01101c754e6c19b8572e3b48b757098982524d39,410,
e893092e2c3a997249b7065552d80d6a5fe3d38060cc2130564d1cef8f876bc9,410,
e893092e2c3a997249b7065552d80d6a5fe3d38060cc2130564d1cef8f876bc9,410,
e893092e2c3a997249b7065552d80d6a5fe3d38060cc2130564d1cef8f876bc9,410,
e893092e2c3a997249b7065552d80d6a5fe3d38060cc2130564d1cef8f876bc9,410,
689e4793be3bf04c55a8b5c7d9028351e5d101b1526d621a7a4d15d4b9216133,410,
689e4793be3bf04c55a8b5c7d9028351e5d101b1526d621a7a4d15d4b9216133,410,
959f26a44a613417def5d0b5762cd030ee3cfe91850e8b2920a62aa66bcd940b,410,
959f26a44a613417def5d0b5762cd030ee3cfe91850e8b2920a62aa66bcd940b,410,
37805390036c847e22eb0615a60403ba241c6dc4bfeae6b7b53b5e3dfcfb28cb,410,
37805390036c847e22eb0615a60403ba241c6dc4bfeae6b7b53b5e3dfcfb28cb,410,
2b9acc994f06b513dda160186c98affbdd785a8b21fc0734e0c6696cc293c1fe,410,
4f794c5d606db33149727e8f40d1fc2376d5dc5acd21d2d3c2debfaae9a89db7,410,
99c287b6e9f0b59b835722a9119ad12a1d9f50b9d169665f9c3d9f860dfb08df,410,
257eb89c9afe716ee9ba32cdbd95e01cdf11fc6d679d677eff2ef3ef04ca47f4,410,
debc0d5bf94db70a816f0eaea1001e8bdc462db5ded561606e0ad606857e9a60,410,
8b7de81eef4d65a2129fc0e549b2f7987a16c9604192cafb92294ee26dcd75b2,410,
fbff7466f7a8eca7db31963f552750bf7500a8c5d520989539a18feb8ea208af,410,
fd17b124866f1510cb7b55e2a01b5e59262781aab565a26242fc0f6e755e38e1,410,
370dae5fa1397606d1adab337a12a76e64b4d729ba713ea75a09f94a6f8653df,410,
370dae5fa1397606d1adab337a12a76e64b4d729ba713ea75a09f94a6f8653df,410,
5bb7e25b160e47e5c2ec0c4afa58029a3a71dc799041a2ab61ba9f47aa9abc4a,410,
e151de92bb42a72ed4620b55ede559687f34c98752bd9446ad2390bddcd82834,410,
e151de92bb42a72ed4620b55ede559687f34c98752bd9446ad2390bddcd82834,410,
6a2e1ecbcab89bd103d2ecb32fe6390304b7a2dc419b941c10b2dcfc7f2fb4ba,410,
e8b57b1de8fc3109043583a555b364018211ac6e26d2ed0092f6038a120cf0ff,410,
d18a5d7db65828f8a84cc7b61f7ddc427e44944cb1ee9e258f80f1f961faebe9,410,
d18a5d7db65828f8a84cc7b61f7ddc427e44944cb1ee9e258f80f1f961faebe9,410,
912723fdf21ea7d4ab13c1c722f28237298d3c4cdbc8d7228c190c0f32a5cfe5,410,
912723fdf21ea7d4ab13c1c722f28237298d3c4cdbc8d7228c190c0f32a5cfe5,410,
f4e08e76e26adcecdee8cc8debb5201121edda6516471a8fa6cdb31ca00ac742,410,
8e9c98145633862111202d09f1e3d24370cf8e4f2a154cf37259dc6e2fa53cc7,410,
90ca72e26b673e721c3ff606518a6ed68c3bae03d601ec8eb74d0e4a9b5235c5,410,
d07e2c1bc437439fb00ca65b10544793b42cebc346d57373964fd91a631fafe9,410,
d07e2c1bc437439fb00ca65b10544793b42cebc346d57373964fd91a631fafe9,410,
447b5bde61e45607272c92a29d3b033d282a8c5bc778e2c87153baacefb125f1,410,
8a5308d4b8e5c240e9120685c52b3b94e44e0c87dbf582eb09f6dfe928bb9d2a,410,
68b621b9e2e78cf86874fa8016fb3fe6e7f2d85eaaa18e8cc8ca4199203f4f38,410,
b3b9510516fceda5b468c63cf2e54371c051f2ad34d9a1e45b820294ef5e70fc,410,
1e5e9aac8e2eca160ed2511397c1ab2a59eee8c764e1bef9b10ee9d64de9ac22,410,
37c12dfb931e781d57d4fcd5bff61adf0a61fc093e03e3530a4ffc1b9af874de,410,
2626c62a6065e507ec3f93f60f4b138579f7b795b914c01deaef7f3f79a49bc7,410,
7053c6409165ed54b42b85e85c01d72fb8641ace724b0c697d7762ff6f83b039,410,
7053c6409165ed54b42b85e85c01d72fb8641ace724b0c697d7762ff6f83b039,410,
bee17947cd13d5206734ea43c83f026b766716add77109d7ddf01b936a74d8a3,410,
25118dbeb2d2d440db699ce09563324b032645028eaa3aea425bc0808c38112f,410,
ce5c85d88d2f0e0a82f4bb5dd0b9913b72d020d80db01f32328045ee3da163fa,410,
ce5c85d88d2f0e0a82f4bb5dd0b9913b72d020d80db01f32328045ee3da163fa,410,
f44ea24c62d1ebbe100ba73a24b22fa27da645d1c86f24cb2eadbba1794879d5,410,
9d0b2a97d543bc415e79c2b01029253764c04249c56b2147c2c64ac89f3b7adb,410,
7384d83065376a4fcccb0b25c840704e1012b3467420e0a609816540bda3ad17,410,
4a10af24fbc0983c63537d0875f5666f9d6f4cb7c41570745354abc974faca53,410,
8998ebb6e814bf100e0e1607b4fd9a70e2597b19b704fa346191fa548b5a36ad,410,
01c922a3f33dda8ce6b5ab57a5522319157911a039a6441699ed40984555e094,410,
773b254a277d51a73d83ecd753e5c34ee2ae5b72b5ccfdf61c4cc7bd3e759e40,410,
cbcbbf652fbbca0bfd4c30217988ac35528da82e353ae46855e8218120dde248,410,
dfa9be5a08fb6f8b3eb272ec4744d69740aaf51ab796c1ab0de67c6be1aa1dbc,410,
68badca0e891be42cf6759262c8cf4ae3792dd4563e067fb066c0ba4dd49c08d,410,
78ed5fbfa690db98ab8cf1ee50a20e13a6e7cf4e7c8d682a25e0b46e09376524,410,
ac105c4513685cb1901d287cc54fda80a42c8ef4d5d80efe50322cc1a6717b2d,410,
9933fb8af06079613a66d7f88426cc1f2ae344ee5154f739a12cc5111c676fb4,410,
9933fb8af06079613a66d7f88426cc1f2ae344ee5154f739a12cc5111c676fb4,410,
b8b3ddd50ffcdf945d8ebff7400d467ecc5dbf505c8ded1c08c55aa411b892f0,410,
fc71af874659648f478255d52c2649878862c7557dd47d9a5a0697875082f9f5,410,
c9bfc4133f0e2192bc4b92f2717b6c04544d111bedb9e307985eac35426999e6,410,
bef352a1313a8f4cdabf08b3cd550a9967a723e061534485798cf6c4b200e2bf,410,
0e998c88ba58035c5a638240ecaec77aa5498b4a177cb40f79d5dc84ef85f612,410,
0e998c88ba58035c5a638240ecaec77aa5498b4a177cb40f79d5dc84ef85f612,410,
0e998c88ba58035c5a638240ecaec77aa5498b4a177cb40f79d5dc84ef85f612,410,
2eb8c443dbf7cd505c72aeede0cb051329326e89ea93698c26cb8b3f1c615f53,410,
2eb8c443dbf7cd505c72aeede0cb051329326e89ea93698c26cb8b3f1c615f53,410,
d97433dedf916a7fcb41202c7c687c63c77a03e9601b242b20d6d0f9030a1de3,410,
d97433dedf916a7fcb41202c7c687c63c77a03e9601b242b20d6d0f9030a1de3,410,
debd3200e23535ab7ddc8d665e0cec7899a141540357b2bcc49e905a1f2b6d9a,410,
22da6ec5b4606f5e6ecb3870a934b09f3b84a98b24a6c9c163b6e0f7b2dcf788,410,
a11c34820ff047d46acc20692d22a01bbaa4a7603831251989742a1fb277ebeb,410,
